Designator,Footprint,Quantity,Value,LCSC Part #,Matches,Part # ,Manufacturer,Footprint,JLCPCB Part #
C_CSF1,0402,1,100p,,Unconfirmed,0402CG101J500NT,FH (Guangdong Fenghua Advanced Tech),0402,C1546
"C1, C11, C20, C21",0402,4,4.7u,,Select by Customer,GRM155R61E475ME15D,Murata Electronics,0402,C2858031
"C10, C12, C2, C3, C4, C5, C8, C9, CBOOT1, CBOOT2, CFF1, CFF2, COUT1, COUT5",0402,14,100n,,Select by Customer,0402B104K250NT,FH (Guangdong Fenghua Advanced Tech),0402,C56392
"C13, C14, C15, C16, C26, C7",0402,6,1u,,Unconfirmed,CL05A105KA5NQNC,Samsung Electro-Mechanics,0402,C52923
"C17, C18, CIN1, CIN2, CIN3, CIN4",1206,6,4.7u,,Unconfirmed,1206B475K500NT,FH (Guangdong Fenghua Advanced Tech),1206,C29823
C19,0402,1,240n,,Select by Customer,CL05B224KO5NNNC,Samsung Electro-Mechanics,0402,C16772
"C22, C23, C25",0402,3,0.1u,,Select by Customer,0402B104K250NT,FH (Guangdong Fenghua Advanced Tech),0402,C56392
"C24, C27",0402,2,1n,,Unconfirmed,0402B102K500NT,FH (Guangdong Fenghua Advanced Tech),0402,C1523
C28,0402,1,68n,,Unconfirmed,CC0402KRX7R7BB683,YAGEO,0402,C327019
"C29, C31",0402,2,0.1n,,Unconfirmed,0402CG101J500NT,FH (Guangdong Fenghua Advanced Tech),0402,C1546
C30,0603,1,22u,,Unconfirmed,,,,
"C32, C33, C34",0402,3,10p,,Unconfirmed,CL05C100JB5NNNC,Samsung Electro-Mechanics,0402,C32949
C6,0402,1,10n,,Select by Customer,0402B103K500NT,FH (Guangdong Fenghua Advanced Tech),0402,C1524
"CBANK1, CBANK2, CBANK3, CBANK4, CBANK5",2220,5,FS55X105K631EHG,,Select by System,FS55X105K631EHG,PSA(Prosperity Dielectrics),2220,C784102
"CHF1, CHF2",0805,2,220n,,Unconfirmed,CL21B224KBFNNNE,Samsung Electro-Mechanics,0805,C5378
"COUT2, COUT3, COUT4, COUT6, COUT7, COUT8",1210,6,22u,,Select by Customer,GRM32ER71E226KE15L,Murata Electronics,1210,C21397
"D1, D2",D_SOD-882,2,SP3031-01ETG,,Select by System,SP3031-01ETG,Littelfuse,SOD-882,C207283
"D3, D6",D_DO-201AD_P12.70mm_Horizontal,2,1N5822,,Select by System,1N5822,MDD(Microdiode Semiconductor),DO-201AD,C2476
D4,D_SMA,1,D,,Select by Customer,US2M,MDD(Microdiode Semiconductor),SMA,C64958
D5,D_SOD-323,1,1N5819,,Unconfirmed,1N5819WS,Guangdong Hottech,SOD-323,C191023
D7,D_SOD-123,1,D_Schottky,,Select by Customer,B5819W SL,"Jiangsu Changjing Electronics Technology Co., Ltd.",SOD-123,C8598
"D8, D9",D_DO-41_SOD81_P7.62mm_Horizontal,2,HF1600G,,Select by System,HF1600G,LRC,DO-41,C411154
J1,KHBNC503511,1,BNC,,Select by Customer,KH-BNC50-3511,Shenzhen Kinghelm Elec,插件,C2837587
J10,PJ-002B_CUI,1,PJ-002BH,,Select by System,PJ-002BH,CUI,插件,C22359705
J2,SMA_BAT_Wireless_BWSMA-KWE-Z001,1,BWSMA-KWE-Z001,,Select by System,BWSMA-KWE-Z001,BAT WIRELESS,插件,C496551
"J3, J4",SMA_BAT_Wireless_BWSMA-KE-Z001,2,BWSMA-KE-Z001,,Select by System,BWSMA-KE-Z001,BAT WIRELESS,插件,C496549
J5,TYPE-C-TH_TYPE-C-14P-CC-2.6,1,SHOU HAN TYPE-C 14P CC-2.6,,Select by System,TYPE-C 14P CC-2.6,SHOU HAN,插件,C5187475
"J6, J7",PinHeader_1x04_P2.54mm_Vertical,2,Conn_01x04_Pin,,Select by Customer,2.54-1*40P直针,BOOMELE(Boom Precision Elec),"插件,P=2.54mm",C2337
"J8, J9",PinHeader_1x03_P2.54mm_Vertical,2,Conn_01x03_Pin,,Select by Customer,2.54-1*40P直针,BOOMELE(Boom Precision Elec),"插件,P=2.54mm",C2337
L1,L_TechFuse_SL0630,1,15u,,Select by Customer,SL0630-150M,TECHFUSE,"SMD,7.1x6.6mm",C22463824
L2,L_TechFuse_SL0630,1,12.1u,,Select by Customer,SL0630-100M,TECHFUSE,"SMD,7.1x6.6mm",C22463823
Q1,TO-252-2,1,Q_NMOS_DGS,,Select by Customer,SW4N60,Samwin,TO-252-2,C381523
Q2,SOT-89-3,1,2SA1213,,Select by System,2SA1213,hongjiacheng,SOT-89,C20069144
Q3,GAN080650EBEZ,1,GAN080-650EBE,,Unconfirmed,GAN080-650EBEZ,Nexperia,DFN8080-8,C20235155
R_ADJ1,0402,1,20k,,Select by Customer,0402WGJ0203TCE,UNI-ROYAL(Uniroyal Elec),0402,C25545
R_ADJ2,0402,1,40k,,Select by Customer,GR0402J40KTAG00,GiantOhm,0402,C49654409
R_CSF1,0402,1,3.8k,,Select by Customer,0402WGF3901TCE,UNI-ROYAL(Uniroyal Elec),0402,C51721
"R1, R5",0402,2,10k,,Unconfirmed,0402WGF1002TCE,UNI-ROYAL(Uniroyal Elec),0402,C25744
"R10, R11, R12, R8, R9",0805,5,2M,,Select by Customer,0805W8F2004T5E,UNI-ROYAL(Uniroyal Elec),0805,C26112
R13,R_Axial_DIN0414_L11.9mm_D4.5mm_P15.24mm_Horizontal,1,"1.5M, 1000V, 500mW",,Unconfirmed,,,,
"R14, R15, R16",0603,3,1,,Unconfirmed,0603WAF100KT5E,UNI-ROYAL(Uniroyal Elec),0603,C22936
R17,0603,1,330,,Unconfirmed,0603WAF3300T5E,UNI-ROYAL(Uniroyal Elec),0603,C23138
R18,0603,1,10M,,Unconfirmed,0603WAF1005T5E,UNI-ROYAL(Uniroyal Elec),0603,C7250
"R19, R23",0603,2,4.3M,,Unconfirmed,FRC0603F4304TS,FOJAN,0603,C2930152
"R2, R3",0603,2,5.1k,,Unconfirmed,0603WAF5101T5E,UNI-ROYAL(Uniroyal Elec),0603,C23186
"R20, R24",0603,2,4.7M,,Unconfirmed,0603WAF4704T5E,UNI-ROYAL(Uniroyal Elec),0603,C23163
"R21, R22",2512,2,"0R, 200V, 30A",,Select by Customer,25121WJ0000T4E,UNI-ROYAL(Uniroyal Elec),2512,C25469
R25,2512,1,330,,Unconfirmed,3521330RFT,TE Connectivity,2512,C4134246
R26,0603,1,0,,Unconfirmed,0603WAF0000T5E,UNI-ROYAL(Uniroyal Elec),0603,C21189
R4,0603,1,4.7k,,Unconfirmed,0402WGF4701TCE,UNI-ROYAL(Uniroyal Elec),0402,C25900
R6,0603,1,60k,,Select by Customer,0603WAF6042T5E,UNI-ROYAL(Uniroyal Elec),0603,C23089
R7,0603,1,1.6,,Unconfirmed,FRC0603F1R60TS,FOJAN,0603,C2930144
RCS1,2512,1,"500m, 3W",,Select by Customer,HoJLR2512-3W-500mR-1%,Milliohm,2512,C2904268
RFBB1,0603,1,4.76K,,Select by Customer,0603WAF4871T5E,UNI-ROYAL(Uniroyal Elec),0603,C23045
RFBB2,0603,1,20k,,Select by System,0603WAF2002T5E,UNI-ROYAL(Uniroyal Elec),0603,C4184
"RFBT1, RFBT2, RPG1, RPG2",0603,4,100k,,Unconfirmed,0603WAF1003T5E,UNI-ROYAL(Uniroyal Elec),0603,C25803
RP_B1,WSHP2818R0200FEA,1,WSHP2818R0200FEA,,Select by System,WSHP2818R0200FEA,Vishay Intertech,2818,C2090752
RP_LIM1,TO-247-2_Horizontal_TabDown,1,PF2472-0R1F1,,Select by System,PF2472-0R1F1,Riedon,TO-247-2,C3387781
T1,SOP254P2413X978-12N,1,DA2033-AL,,Unconfirmed,DA2033-ALD,Coilcraft,SMD-12,C5142798
U1,LQFP-64_10x10mm_P0.5mm,1,STM32F303RETx,,Select by Customer,STM32F303RET6,STMicroelectronics,LQFP-64(10x10),C183214
U2,SOT-23-6,1,USBLC6-2SC6,,Select by System,USBLC6-2SC6,TECH PUBLIC,SOT-23-6,C2827654
U3,QFN-16-1EP_4x4mm_P0.65mm_EP2.1x2.1mm,1,FT230XQ,,Unconfirmed,FT230XQ-R,FTDI,QFN-16-EP(4x4),C128629
U4,Texas_X2SON-4_1x1mm_P0.65mm,1,TPS7A2050PDQN,,Unconfirmed,TPS7A2050PDQNR,Texas Instruments,X2-SON-4-EP(1x1),C2866499
U5,Texas_X2SON-4_1x1mm_P0.65mm,1,TPS7A2033PDQN,,Unconfirmed,TPS7A2033PDQNR,Texas Instruments,SON-4(1x1),C2871641
"U6, U7",Texas_HSOP-8-1EP_3.9x4.9mm_P1.27mm_ThermalVias,2,LMR33630ADDA,,Select by System,LMR33630ADDA,Texas Instruments,ESOP-8,C2866787
U8,TLP152_4P55X3P7_TOS,1,TLP152TPL_E,,Select by System,"TLP152(TPL,E",TOSHIBA,SOIC-5-4.6mm,C150122
U9,21-0041-A_8L,1,MAX22702EASA+,,Select by System,MAX22702EASA+,Analog Devices Inc./Maxim Integrated,SOIC-8,C17268134
